entry_date,entry_spx,entry_vix,d5_spx,d5_vix,d5_drift,d5_pct,d5_date,d5_max_drift,d7_spx,d7_vix,d7_drift,d7_pct,d7_date,d7_max_drift,d10_spx,d10_vix,d10_drift,d10_pct,d10_date,d10_max_drift,d12_spx,d12_vix,d12_drift,d12_pct,d12_date,d12_max_drift,d14_spx,d14_vix,d14_drift,d14_pct,d14_date,d14_max_drift
2021-03-26,3974.54,18.86,4077.91,17.91,103.36999999999989,2.6008041182124195,2021-04-05,103.36999999999989,4079.95,17.16,105.40999999999985,2.6521308126223375,2021-04-07,105.40999999999985,4127.99,16.91,153.44999999999982,3.860824145687295,2021-04-12,154.26000000000022,4124.66,16.99,150.1199999999999,3.7770408651063994,2021-04-14,167.05000000000018,4185.47,16.25,210.9300000000003,5.307029241119735,2021-04-16,210.9300000000003
2021-04-09,4128.8,16.69,4185.47,16.25,56.67000000000007,1.3725537686494882,2021-04-16,56.67000000000007,4134.94,18.68,6.139999999999418,0.1487114900212996,2021-04-20,56.67000000000007,4180.17,17.33,51.36999999999989,1.2441871730284801,2021-04-23,56.67000000000007,4186.72,17.56,57.92000000000007,1.4028289091261401,2021-04-27,58.81999999999971,4211.47,17.61,82.67000000000007,2.002276690563846,2021-04-29,82.67000000000007
2021-04-16,4185.47,16.25,4180.17,17.33,5.300000000000182,0.1266285506765114,2021-04-23,50.530000000000655,4186.72,17.56,1.25,0.029865224216157324,2021-04-27,50.530000000000655,4181.17,18.61,4.300000000000182,0.10273637130358552,2021-04-30,50.530000000000655,4164.66,19.48,20.8100000000004,0.4971962527505967,2021-05-04,50.530000000000655,4201.62,18.39,16.149999999999636,0.38585869687274393,2021-05-06,50.530000000000655
2021-04-23,4180.17,17.33,4181.17,18.61,1.0,0.023922472052572023,2021-04-30,31.300000000000182,4164.66,19.48,15.510000000000218,0.3710375415353973,2021-05-04,31.300000000000182,4232.6,16.69,52.43000000000029,1.2542552097163582,2021-05-07,52.43000000000029,4152.1,21.84,28.06999999999971,0.6715037905156898,2021-05-11,52.43000000000029,4112.5,23.13,67.67000000000007,1.6188336837975505,2021-05-13,117.13000000000011
2021-04-30,4181.17,18.61,4232.6,16.69,51.43000000000029,1.2300384820516814,2021-05-07,51.43000000000029,4152.1,21.84,29.06999999999971,0.6952599392036131,2021-05-11,51.43000000000029,4173.85,18.81,7.319999999999709,0.17507061420606454,2021-05-14,118.13000000000011,4127.83,21.34,53.340000000000146,1.2757194756491639,2021-05-18,118.13000000000011,4159.12,20.67,22.050000000000182,0.5273643501699329,2021-05-20,118.13000000000011
2021-05-07,4232.6,16.69,4173.85,18.81,58.75,1.3880357227236213,2021-05-14,169.5600000000004,4127.83,21.34,104.77000000000044,2.4753106837405006,2021-05-18,169.5600000000004,4155.86,20.15,76.74000000000069,1.8130699806265815,2021-05-21,169.5600000000004,4188.13,18.84,44.470000000000255,1.0506544440769328,2021-05-25,169.5600000000004,4200.88,16.74,31.720000000000255,0.7494211595709552,2021-05-27,169.5600000000004
2021-05-14,4173.85,18.81,4155.86,20.15,17.99000000000069,0.43101692681818204,2021-05-21,58.17000000000007,4188.13,18.84,14.279999999999745,0.34213016759106685,2021-05-25,58.17000000000007,4204.11,16.76,30.25999999999931,0.7249901170382095,2021-05-28,58.17000000000007,4208.12,17.48,34.26999999999953,0.8210644848281448,2021-06-02,58.17000000000007,4229.89,16.42,56.039999999999964,1.3426452795380754,2021-06-04,58.17000000000007
2021-05-28,4204.11,16.76,4226.52,16.42,22.410000000000764,0.5330498012659223,2021-06-07,25.780000000000655,4219.55,17.89,15.44000000000051,0.36725965781105896,2021-06-09,25.780000000000655,4255.15,16.39,51.039999999999964,1.2140500605359985,2021-06-14,51.039999999999964,4223.7,18.15,19.590000000000146,0.4659725839714029,2021-06-16,51.039999999999964,4166.45,20.7,37.659999999999854,0.8957900720961121,2021-06-18,51.039999999999964
2021-06-04,4229.89,16.42,4247.44,15.65,17.549999999999272,0.4149044064975513,2021-06-11,17.549999999999272,4246.59,17.02,16.699999999999818,0.39480932128258217,2021-06-15,25.25999999999931,4166.45,20.7,63.44000000000051,1.4998025953393705,2021-06-18,63.44000000000051,4246.44,16.66,16.549999999999272,0.3912631297740431,2021-06-22,63.44000000000051,4266.49,15.97,36.599999999999454,0.8652707280803864,2021-06-24,63.44000000000051
2021-06-11,4247.44,15.65,4166.45,20.7,80.98999999999978,1.9067956227751255,2021-06-18,80.98999999999978,4246.44,16.66,1.0,0.023543593317386473,2021-06-22,80.98999999999978,4280.7,15.62,33.26000000000022,0.7830599137362794,2021-06-25,80.98999999999978,4291.8,16.02,44.36000000000058,1.0443937995592778,2021-06-29,80.98999999999978,4319.94,15.48,72.5,1.7069105155105193,2021-07-01,80.98999999999978
2021-06-25,4280.7,15.62,4352.34,15.07,71.64000000000033,1.6735580629336402,2021-07-02,71.64000000000033,4358.13,16.2,77.43000000000029,1.8088163150886607,2021-07-07,77.43000000000029,4384.63,16.17,103.93000000000029,2.4278739458499845,2021-07-12,103.93000000000029,4374.3,16.33,93.60000000000036,2.186558273179629,2021-07-14,103.93000000000029,4327.16,18.45,46.460000000000036,1.0853365103838166,2021-07-16,103.93000000000029
2021-07-02,4352.34,15.07,4384.63,16.17,32.289999999999964,0.7418997596695103,2021-07-12,32.289999999999964,4374.3,16.33,21.960000000000036,0.5045561697845306,2021-07-14,32.289999999999964,4258.49,22.5,93.85000000000036,2.1563113175900863,2021-07-19,93.85000000000036,4358.69,17.91,6.349999999999454,0.14589852814806412,2021-07-21,93.85000000000036,4411.79,17.2,59.44999999999982,1.3659318895123043,2021-07-23,93.85000000000036
2021-07-09,4369.55,16.18,4327.16,18.45,42.39000000000033,0.970122781522132,2021-07-16,42.39000000000033,4323.06,19.73,46.48999999999978,1.0639539540684917,2021-07-20,111.0600000000004,4411.79,17.2,42.23999999999978,0.9666899337460328,2021-07-23,111.0600000000004,4401.46,19.36,31.909999999999854,0.7302811502328582,2021-07-27,111.0600000000004,4419.15,17.7,49.599999999999454,1.1351283312926836,2021-07-29,111.0600000000004
2021-07-16,4327.16,18.45,4411.79,17.2,84.63000000000011,1.955786243171043,2021-07-23,84.63000000000011,4401.46,19.36,74.30000000000018,1.717061536897184,2021-07-27,95.14000000000033,4395.26,18.24,68.10000000000036,1.5737804934414341,2021-07-30,95.14000000000033,4423.15,18.04,95.98999999999978,2.218314090535127,2021-08-03,95.98999999999978,4429.1,17.28,101.94000000000051,2.35581767256123,2021-08-05,101.94000000000051
2021-07-23,4411.79,17.2,4395.26,18.24,16.529999999999745,0.374677851846977,2021-07-30,16.529999999999745,4423.15,18.04,11.359999999999673,0.2574918570466789,2021-08-03,24.63000000000011,4436.52,16.15,24.730000000000473,0.5605434528842143,2021-08-06,24.730000000000473,4436.75,16.79,24.960000000000036,0.5657567563279312,2021-08-10,24.960000000000036,4460.83,15.59,49.039999999999964,1.1115669603494265,2021-08-12,49.039999999999964
2021-07-30,4395.26,18.24,4436.52,16.15,41.26000000000022,0.9387385501654103,2021-08-06,41.26000000000022,4436.75,16.79,41.48999999999978,0.9439714601638989,2021-08-10,41.48999999999978,4468.0,15.45,72.73999999999978,1.6549646664816138,2021-08-13,72.73999999999978,4448.08,17.91,52.81999999999971,1.201749157046448,2021-08-17,84.44999999999982,4405.8,21.67,10.539999999999964,0.23980378862683807,2021-08-19,84.44999999999982
2021-08-06,4436.52,16.15,4468.0,15.45,31.479999999999563,0.7095651546707681,2021-08-13,31.479999999999563,4448.08,17.91,11.55999999999949,0.2605645866579997,2021-08-17,43.1899999999996,4441.67,18.56,5.149999999999636,0.11608197415991894,2021-08-20,43.1899999999996,4486.23,17.22,49.70999999999913,1.120472803007743,2021-08-24,49.70999999999913,4470.0,18.84,33.47999999999956,0.7546455329853029,2021-08-26,59.66999999999916
2021-08-13,4468.0,15.45,4441.67,18.56,26.329999999999927,0.5893017009847791,2021-08-20,67.72999999999956,4486.23,17.22,18.229999999999563,0.4080125335720583,2021-08-24,67.72999999999956,4509.37,16.39,41.36999999999989,0.9259176365264075,2021-08-27,67.72999999999956,4522.68,16.48,54.68000000000029,1.2238137869292813,2021-08-31,67.72999999999956,4536.95,16.41,68.94999999999982,1.543196060877346,2021-09-02,68.94999999999982
2021-08-20,4441.67,18.56,4509.37,16.39,67.69999999999982,1.5242014827756187,2021-08-27,67.69999999999982,4522.68,16.48,81.01000000000022,1.823863546819107,2021-08-31,87.11999999999989,4535.43,16.41,93.76000000000022,2.1109177403994495,2021-09-03,95.27999999999975,4514.07,17.96,72.39999999999964,1.6300175384483682,2021-09-08,95.27999999999975,4458.58,20.95,16.909999999999854,0.3807126598779255,2021-09-10,95.27999999999975
2021-08-27,4509.37,16.39,4535.43,16.41,26.0600000000004,0.5779077786919327,2021-09-03,27.579999999999927,4514.07,17.96,4.699999999999818,0.10422741979477883,2021-09-08,27.579999999999927,4468.73,19.37,40.64000000000033,0.9012345405234063,2021-09-13,50.789999999999964,4480.7,18.18,28.670000000000073,0.6357872607481772,2021-09-15,66.31999999999971,4432.99,20.81,76.38000000000011,1.693806451899048,2021-09-17,76.38000000000011
2021-09-03,4535.43,16.41,4468.73,19.37,66.70000000000073,1.4706433568592332,2021-09-13,76.85000000000036,4480.7,18.18,54.73000000000047,1.2067213031620039,2021-09-15,92.38000000000011,4357.73,25.71,177.70000000000073,3.918040847284617,2021-09-20,177.70000000000073,4395.64,20.87,139.78999999999996,3.0821774341131922,2021-09-22,181.2400000000007,4455.48,17.75,79.95000000000073,1.7627876518874885,2021-09-24,181.2400000000007
2021-09-24,4455.48,17.75,4357.04,21.15,98.4399999999996,2.209414024975976,2021-10-01,147.9399999999996,4345.72,21.3,109.75999999999931,2.4634831712856826,2021-10-05,155.01999999999953,4391.34,18.77,64.13999999999942,1.4395755339491911,2021-10-08,155.01999999999953,4350.65,19.85,104.82999999999993,2.3528329158698935,2021-10-12,155.01999999999953,4438.26,16.86,17.219999999999345,0.38649034447465475,2021-10-14,155.01999999999953
2021-10-08,4391.34,18.77,4471.37,16.3,80.02999999999975,1.822450550401466,2021-10-15,80.02999999999975,4519.63,15.7,128.28999999999996,2.9214317269899386,2021-10-19,128.28999999999996,4544.9,15.43,153.5599999999995,3.4968825005579047,2021-10-22,158.4399999999996,4574.79,15.98,183.44999999999982,4.177540340761586,2021-10-26,183.44999999999982,4596.42,16.53,205.07999999999993,4.67010069819235,2021-10-28,205.07999999999993
2021-10-15,4471.37,16.3,4544.9,15.43,73.52999999999975,1.6444624354504267,2021-10-22,78.40999999999985,4574.79,15.98,103.42000000000007,2.312937645509096,2021-10-26,103.42000000000007,4605.38,16.26,134.01000000000022,2.9970680127119924,2021-10-29,134.01000000000022,4630.65,16.03,159.27999999999975,3.5622191856187193,2021-11-02,159.27999999999975,4680.06,15.44,208.6900000000005,4.667249634899382,2021-11-04,208.6900000000005
2021-10-22,4544.9,15.43,4605.38,16.26,60.48000000000047,1.330722348126482,2021-10-29,60.48000000000047,4630.65,16.03,85.75,1.886730181082092,2021-11-02,85.75,4697.53,16.48,152.6300000000001,3.3582697089044893,2021-11-05,152.6300000000001,4685.25,17.78,140.35000000000036,3.0880767453629425,2021-11-09,156.80000000000018,4649.27,17.66,104.3700000000008,2.2964201632599357,2021-11-11,156.80000000000018
2021-10-29,4605.38,16.26,4697.53,16.48,92.14999999999964,2.0009206623557585,2021-11-05,92.14999999999964,4685.25,17.78,79.86999999999989,1.7342759989403673,2021-11-09,96.31999999999971,4682.85,16.29,77.47000000000025,1.6821630354064216,2021-11-12,96.31999999999971,4700.9,16.37,95.51999999999953,2.0740959486513497,2021-11-16,96.31999999999971,4704.54,17.59,99.15999999999985,2.15313394334452,2021-11-18,99.15999999999985
2021-11-05,4697.53,16.48,4682.85,16.29,14.679999999999382,0.31250465670255184,2021-11-12,50.81999999999971,4700.9,16.37,3.369999999999891,0.07173982922940123,2021-11-16,50.81999999999971,4697.96,17.91,0.43000000000029104,0.009153746756280237,2021-11-19,50.81999999999971,4690.7,19.38,6.829999999999927,0.14539555894267686,2021-11-23,50.81999999999971,4594.62,28.62,102.90999999999985,2.1907257643910705,2021-11-26,102.90999999999985
2021-11-12,4682.85,16.29,4697.96,17.91,15.109999999999673,0.3226667520847277,2021-11-19,21.6899999999996,4690.7,19.38,7.849999999999454,0.16763295856154806,2021-11-23,21.6899999999996,4655.27,22.96,27.579999999999927,0.5889575792519497,2021-11-29,88.23000000000047,4513.04,31.12,169.8100000000004,3.626210534183252,2021-12-01,169.8100000000004,4538.43,30.67,144.42000000000007,3.084019347192416,2021-12-03,169.8100000000004
2021-11-19,4697.96,17.91,4655.27,22.96,42.6899999999996,0.9086922834591951,2021-11-29,103.34000000000015,4513.04,31.12,184.92000000000007,3.93617655322736,2021-12-01,184.92000000000007,4591.67,27.18,106.28999999999996,2.262471370552324,2021-12-06,184.92000000000007,4701.21,19.9,3.25,0.06917896278384661,2021-12-08,184.92000000000007,4712.02,18.69,14.0600000000004,0.2992788359202803,2021-12-10,184.92000000000007
2021-12-10,4712.02,18.69,4620.64,21.57,91.38000000000011,1.9392956736176863,2021-12-17,91.38000000000011,4649.23,21.01,62.79000000000087,1.3325495222855774,2021-12-21,144.0,4791.19,17.68,79.16999999999916,1.6801711367948176,2021-12-27,144.0,4793.06,16.95,81.03999999999996,1.7198568766686042,2021-12-29,144.0,4766.18,17.22,54.159999999999854,1.1494008938841485,2021-12-31,144.0
2021-12-31,4766.18,17.22,4677.03,18.76,89.15000000000055,1.8704706914132605,2022-01-07,89.15000000000055,4713.07,18.41,53.11000000000058,1.1143095728654935,2022-01-11,95.89000000000033,4662.85,19.19,103.32999999999993,2.1679835843379798,2022-01-14,107.15000000000055,4532.76,23.85,233.42000000000007,4.897423093546615,2022-01-19,233.42000000000007,4397.94,28.85,368.2400000000007,7.726103504273876,2022-01-21,368.2400000000007
2022-01-07,4677.03,18.76,4662.85,19.19,14.179999999999382,0.3031838581321775,2022-01-14,49.32000000000062,4532.76,23.85,144.26999999999953,3.0846498739584636,2022-01-19,144.26999999999953,4410.13,29.9,266.89999999999964,5.706612957368237,2022-01-24,279.09000000000015,4349.93,31.96,327.09999999999945,6.993754583571186,2022-01-26,327.09999999999945,4431.85,27.66,245.17999999999938,5.242215679608628,2022-01-28,350.5199999999995
2023-01-13,3999.09,18.35,4019.81,19.81,20.7199999999998,0.5181178718158331,2023-01-23,100.24000000000024,4016.22,19.08,17.129999999999654,0.42834744904464894,2023-01-25,100.24000000000024,4017.77,19.94,18.679999999999836,0.46710626667566457,2023-01-30,100.24000000000024,4119.21,17.87,120.11999999999989,3.003683337959383,2023-02-01,120.11999999999989,4136.48,18.33,137.38999999999942,3.4355315834352167,2023-02-03,180.67000000000007
2023-01-27,4070.56,18.51,4136.48,18.33,65.91999999999962,1.6194331983805574,2023-02-03,109.20000000000027,4164.0,18.66,93.44000000000005,2.2955072520734263,2023-02-07,109.20000000000027,4090.46,20.53,19.90000000000009,0.48887622341889303,2023-02-10,109.20000000000027,4136.13,18.91,65.57000000000016,1.6108348728430526,2023-02-14,109.20000000000027,4090.41,20.17,19.84999999999991,0.48764789119924307,2023-02-16,109.20000000000027
2023-02-03,4136.48,18.33,4090.46,20.53,46.01999999999953,1.1125401307391678,2023-02-10,54.97999999999956,4136.13,18.91,0.3499999999994543,0.008461300429337367,2023-02-14,54.97999999999956,4079.09,20.02,57.38999999999942,1.3874115189726393,2023-02-17,57.38999999999942,3991.05,22.29,145.42999999999938,3.515791204115562,2023-02-22,145.42999999999938,3970.04,21.67,166.4399999999996,4.023710981317439,2023-02-24,166.4399999999996
2023-03-03,4045.64,18.49,3861.59,24.8,184.04999999999973,4.549342007692225,2023-03-10,184.04999999999973,3919.29,23.73,126.34999999999991,3.1231152549411196,2023-03-14,189.87999999999965,3916.64,25.51,129.0,3.1886178701021346,2023-03-17,189.87999999999965,4002.87,21.38,42.76999999999998,1.0571874907307617,2023-03-21,189.87999999999965,3948.72,22.61,96.92000000000007,2.395665457134102,2023-03-23,189.87999999999965
2023-03-31,4109.31,18.7,4109.11,18.97,0.2000000000007276,0.004866997135789891,2023-04-10,18.93000000000029,4091.95,19.09,17.360000000000582,0.42245535138503987,2023-04-12,18.93000000000029,4151.32,16.95,42.00999999999931,1.0223127483689305,2023-04-17,42.00999999999931,4154.52,16.46,45.210000000000036,1.1001847025413034,2023-04-19,45.55999999999949,4133.52,16.77,24.210000000000036,0.5891500032852239,2023-04-21,45.55999999999949
2023-04-14,4137.64,17.07,4133.52,16.77,4.119999999999891,0.0995736700147884,2023-04-21,17.229999999999563,4071.63,18.76,66.01000000000022,1.595353873222422,2023-04-25,66.01000000000022,4169.48,15.78,31.839999999999236,0.7695207896288521,2023-04-28,81.65000000000055,4119.58,17.78,18.0600000000004,0.43648069914251597,2023-05-02,81.65000000000055,4061.22,20.09,76.42000000000053,1.8469465685753357,2023-05-04,81.65000000000055
2023-04-21,4133.52,16.77,4169.48,15.78,35.95999999999913,0.8699607114517196,2023-04-28,77.53000000000065,4119.58,17.78,13.94000000000051,0.33724283419459705,2023-05-02,77.53000000000065,4136.25,17.19,2.7299999999995634,0.06604540440108099,2023-05-05,77.53000000000065,4119.17,17.71,14.350000000000364,0.3471617410826695,2023-05-09,77.53000000000065,4130.62,16.93,2.9000000000005457,0.07015812189128262,2023-05-11,77.53000000000065
2023-04-28,4169.48,15.78,4136.25,17.19,33.22999999999956,0.7969818778360748,2023-05-05,108.25999999999976,4119.17,17.71,50.30999999999949,1.2066252866064713,2023-05-09,108.25999999999976,4124.08,17.03,45.399999999999636,1.0888647984880522,2023-05-12,108.25999999999976,4109.9,17.99,59.57999999999993,1.4289551694695726,2023-05-16,108.25999999999976,4198.05,16.05,28.57000000000062,0.685217341251202,2023-05-18,108.25999999999976
2023-05-05,4136.25,17.19,4124.08,17.03,12.170000000000073,0.29422786340284246,2023-05-12,17.079999999999927,4109.9,17.99,26.350000000000364,0.6370504684194709,2023-05-16,26.350000000000364,4191.98,16.81,55.72999999999956,1.3473556965850606,2023-05-19,61.80000000000018,4145.58,18.53,9.329999999999927,0.22556663644605446,2023-05-23,61.80000000000018,4151.28,19.14,15.029999999999745,0.3633726201269204,2023-05-25,61.80000000000018
2023-05-12,4124.08,17.03,4191.98,16.81,67.89999999999964,1.646427809353835,2023-05-19,73.97000000000025,4145.58,18.53,21.5,0.5213283932416442,2023-05-23,73.97000000000025,4205.45,17.95,81.36999999999989,1.973046109677792,2023-05-26,81.36999999999989,4179.83,17.94,55.75,1.3518166475917055,2023-05-31,81.44000000000051,4282.37,14.6,158.28999999999996,3.83818936587069,2023-06-02,158.28999999999996
2023-05-19,4191.98,16.81,4205.45,17.95,13.470000000000255,0.3213278689306785,2023-05-26,76.73999999999978,4179.83,17.94,12.149999999999636,0.2898391690799965,2023-05-31,76.73999999999978,4273.79,14.73,81.8100000000004,1.9515837384720445,2023-06-05,90.39000000000033,4267.52,13.94,75.54000000000087,1.8020124141813865,2023-06-07,91.8700000000008,4298.86,13.83,106.88000000000011,2.5496304848782705,2023-06-09,106.88000000000011
2023-05-26,4205.45,17.95,4273.79,14.73,68.34000000000015,1.6250341818354788,2023-06-05,76.92000000000007,4267.52,13.94,62.07000000000062,1.475941932492376,2023-06-07,78.40000000000055,4338.93,15.01,133.48000000000047,3.173976625569213,2023-06-12,133.48000000000047,4372.59,13.88,167.14000000000033,3.974366595726981,2023-06-14,167.14000000000033,4409.59,13.54,204.14000000000033,4.854177317528453,2023-06-16,220.39000000000033
2023-06-02,4282.37,14.6,4298.86,13.83,16.48999999999978,0.3850671473973473,2023-06-09,16.48999999999978,4369.01,14.61,86.64000000000033,2.023178753820906,2023-06-13,86.64000000000033,4409.59,13.54,127.22000000000025,2.970784869126214,2023-06-16,143.47000000000025,4365.69,13.2,83.31999999999971,1.9456515901241533,2023-06-21,143.47000000000025,4348.33,13.44,65.96000000000004,1.5402685895894104,2023-06-23,143.47000000000025
2023-06-09,4298.86,13.83,4409.59,13.54,110.73000000000047,2.57579916536013,2023-06-16,126.98000000000047,4365.69,13.2,66.82999999999993,1.5545981958007458,2023-06-21,126.98000000000047,4328.82,14.25,29.960000000000036,0.6969289532573761,2023-06-26,126.98000000000047,4376.86,13.43,78.0,1.814434524501845,2023-06-28,126.98000000000047,4450.38,13.59,151.52000000000044,3.5246553737502606,2023-06-30,151.52000000000044
2023-06-16,4409.59,13.54,4328.82,14.25,80.77000000000044,1.8316895675108216,2023-06-26,80.77000000000044,4376.86,13.43,32.73000000000047,0.7422458777346753,2023-06-28,80.77000000000044,4455.59,13.57,46.0,1.043180885297726,2023-07-03,80.77000000000044,4411.59,15.44,2.0,0.04535569066511853,2023-07-06,80.77000000000044,4409.53,15.07,0.06000000000040018,0.001360670719962631,2023-07-10,80.77000000000044
2023-06-23,4348.33,13.44,4450.38,13.59,102.05000000000018,2.3468779968401705,2023-06-30,102.05000000000018,4446.82,14.18,98.48999999999978,2.26500748563241,2023-07-05,107.26000000000022,4409.53,15.07,61.19999999999982,1.407436878065828,2023-07-10,107.26000000000022,4472.16,13.54,123.82999999999993,2.8477599446224167,2023-07-12,123.82999999999993,4505.42,13.34,157.09000000000015,3.612651293715062,2023-07-14,161.71000000000004
2023-06-30,4450.38,13.59,4409.53,15.07,40.850000000000364,0.9178991456909379,2023-07-10,51.43000000000029,4472.16,13.54,21.779999999999745,0.48939641109297954,2023-07-12,51.43000000000029,4522.79,13.48,72.40999999999985,1.627052071957897,2023-07-17,72.40999999999985,4565.72,13.76,115.34000000000015,2.5916887996081264,2023-07-19,115.34000000000015,4536.34,13.6,85.96000000000004,1.9315204544331055,2023-07-21,115.34000000000015
2023-07-07,4398.95,14.83,4505.42,13.34,106.47000000000025,2.420350310869645,2023-07-14,111.09000000000015,4554.98,13.3,156.02999999999975,3.5469828027142785,2023-07-18,156.02999999999975,4536.34,13.6,137.39000000000033,3.1232453199058945,2023-07-21,166.77000000000044,4567.46,13.86,168.51000000000022,3.83068686845725,2023-07-25,168.51000000000022,4537.41,14.41,138.46000000000004,3.1475693063117345,2023-07-27,168.51000000000022
2023-07-14,4505.42,13.34,4536.34,13.6,30.920000000000073,0.6862845195342515,2023-07-21,60.30000000000018,4567.46,13.86,62.039999999999964,1.3770081368662626,2023-07-25,62.039999999999964,4582.23,13.33,76.80999999999949,1.7048355092310925,2023-07-28,76.80999999999949,4576.73,13.93,71.30999999999949,1.582760319792594,2023-08-01,83.53999999999996,4501.89,15.92,3.5299999999997453,0.07835007613052158,2023-08-03,83.53999999999996
2023-07-21,4536.34,13.6,4582.23,13.33,45.88999999999942,1.0116084773187066,2023-07-28,45.88999999999942,4576.73,13.93,40.38999999999942,0.8903653606211046,2023-08-01,52.61999999999989,4478.03,17.1,58.3100000000004,1.2853974790249496,2023-08-04,58.3100000000004,4499.38,15.99,36.960000000000036,0.8147537442078865,2023-08-08,58.3100000000004,4468.83,15.85,67.51000000000022,1.4882041469554799,2023-08-10,68.63000000000011
2023-07-28,4582.23,13.33,4478.03,17.1,104.19999999999982,2.2740019597444876,2023-08-04,104.19999999999982,4499.38,15.99,82.84999999999945,1.8080716157853154,2023-08-08,104.19999999999982,4464.05,14.84,118.17999999999938,2.579093585437645,2023-08-11,118.17999999999938,4437.86,16.46,144.3699999999999,3.150649356317773,2023-08-15,144.3699999999999,4370.36,17.89,211.8699999999999,4.623731240029416,2023-08-17,211.8699999999999
2023-08-04,4478.03,17.1,4464.05,14.84,13.979999999999563,0.3121908517807957,2023-08-11,40.409999999999854,4437.86,16.46,40.17000000000007,0.8970462457821871,2023-08-15,40.409999999999854,4369.71,17.3,108.31999999999971,2.4189208200927577,2023-08-18,108.31999999999971,4387.55,16.97,90.47999999999956,2.020531349722971,2023-08-22,108.31999999999971,4376.31,17.2,101.71999999999935,2.271534581054601,2023-08-24,108.31999999999971
2023-08-11,4464.05,14.84,4369.71,17.3,94.34000000000015,2.1133275836964223,2023-08-18,94.34000000000015,4387.55,16.97,76.5,1.713690482857495,2023-08-22,94.34000000000015,4405.71,15.68,58.340000000000146,1.3068850035281896,2023-08-25,94.34000000000015,4497.63,14.45,33.57999999999993,0.7522317178347,2023-08-29,94.34000000000015,4507.66,13.57,43.60999999999967,0.976915581142677,2023-08-31,94.34000000000015
2023-08-18,4369.71,17.3,4405.71,15.68,36.0,0.823853299189191,2023-08-25,66.30000000000018,4497.63,14.45,127.92000000000007,2.927425389785594,2023-08-29,127.92000000000007,4515.77,13.09,146.0600000000004,3.3425559133214886,2023-09-01,146.0600000000004,4465.48,14.45,95.76999999999953,2.191678623981901,2023-09-06,146.0600000000004,4457.49,13.84,87.77999999999975,2.0088289611896384,2023-09-08,146.0600000000004
2023-08-25,4405.71,15.68,4515.77,13.09,110.0600000000004,2.49812175563077,2023-09-01,110.0600000000004,4465.48,14.45,59.76999999999953,1.3566485311107523,2023-09-06,110.0600000000004,4487.46,13.8,81.75,1.8555465520880856,2023-09-11,110.0600000000004,4467.44,13.48,61.72999999999956,1.4011362527265654,2023-09-13,110.0600000000004,4450.32,13.79,44.60999999999967,1.0125496231027387,2023-09-15,110.0600000000004
2023-09-01,4515.77,13.09,4487.46,13.8,28.3100000000004,0.6269141253872629,2023-09-11,64.63000000000011,4467.44,13.48,48.33000000000084,1.070249370539262,2023-09-13,64.63000000000011,4453.53,14.0,62.24000000000069,1.3782810019110958,2023-09-18,65.45000000000073,4402.2,15.14,113.57000000000062,2.514964225370216,2023-09-20,113.57000000000062,4320.06,17.2,195.71000000000004,4.333923118316478,2023-09-22,195.71000000000004
2023-09-08,4457.49,13.84,4450.32,13.79,7.170000000000073,0.16085285665251237,2023-09-15,47.61000000000058,4443.95,14.11,13.539999999999964,0.30375839317642805,2023-09-19,47.61000000000058,4320.06,17.2,137.42999999999938,3.083125256590579,2023-09-22,137.42999999999938,4273.53,18.94,183.96000000000004,4.126986263569857,2023-09-26,183.96000000000004,4299.7,17.34,157.78999999999996,3.539884553863272,2023-09-28,183.96000000000004
2023-09-15,4450.32,13.79,4320.06,17.2,130.2599999999993,2.926980531737028,2023-09-22,130.2599999999993,4273.53,18.94,176.78999999999996,3.972523324165453,2023-09-26,176.78999999999996,4288.05,17.52,162.26999999999953,3.6462546513509038,2023-09-29,176.78999999999996,4229.45,19.78,220.8699999999999,4.963013895629976,2023-10-03,220.8699999999999,4258.19,18.49,192.1300000000001,4.317217638282194,2023-10-05,220.8699999999999
2023-09-22,4320.06,17.2,4288.05,17.52,32.01000000000022,0.7409619310842954,2023-09-29,46.530000000000655,4229.45,19.78,90.61000000000058,2.0974245728068728,2023-10-03,90.61000000000058,4308.5,17.45,11.5600000000004,0.267588876080434,2023-10-06,90.61000000000058,4358.24,17.03,38.17999999999938,0.8837840215182052,2023-10-10,90.61000000000058,4349.61,16.69,29.549999999999272,0.6840182775239064,2023-10-12,90.61000000000058
2023-09-29,4288.05,17.52,4308.5,17.45,20.449999999999818,0.47690675248655723,2023-10-06,58.600000000000364,4358.24,17.03,70.1899999999996,1.636874570025993,2023-10-10,70.1899999999996,4327.78,19.32,39.72999999999956,0.9265283753687471,2023-10-13,88.89999999999964,4373.2,17.88,85.14999999999964,1.985751098984378,2023-10-17,88.89999999999964,4278.0,21.4,10.050000000000182,0.23437226711442685,2023-10-19,88.89999999999964
2023-10-06,4308.5,17.45,4327.78,19.32,19.279999999999745,0.4474875246605488,2023-10-13,68.44999999999982,4373.2,17.88,64.69999999999982,1.501682720204243,2023-10-17,68.44999999999982,4224.16,21.71,84.34000000000015,1.9575258210514135,2023-10-20,84.34000000000015,4247.68,18.97,60.81999999999971,1.4116281768596892,2023-10-24,91.46000000000004,4137.23,20.68,171.27000000000044,3.9751653707787034,2023-10-26,171.27000000000044
2023-11-03,4358.34,14.91,4415.24,14.17,56.899999999999636,1.3055429360719821,2023-11-10,56.899999999999636,4495.7,14.16,137.35999999999967,3.151658659030724,2023-11-14,137.35999999999967,4514.02,13.8,155.6800000000003,3.5720021843178893,2023-11-17,155.6800000000003,4538.19,13.35,179.84999999999945,4.12657112570381,2023-11-21,189.03999999999996,4559.34,12.46,201.0,4.6118476300609865,2023-11-24,201.0
2023-11-10,4415.24,14.17,4514.02,13.8,98.78000000000065,2.237250976164391,2023-11-17,98.78000000000065,4538.19,13.35,122.94999999999982,2.7846730868537115,2023-11-21,132.14000000000033,4550.43,12.69,135.1900000000005,3.061894710140344,2023-11-27,144.10000000000036,4550.58,12.98,135.34000000000015,3.0652920339551226,2023-11-29,144.10000000000036,4594.63,12.63,179.39000000000033,4.062972794230898,2023-12-01,179.39000000000033
2023-11-17,4514.02,13.8,4550.43,12.69,36.409999999999854,0.8065981098887433,2023-11-27,45.31999999999971,4550.58,12.98,36.55999999999949,0.8099210902920121,2023-11-29,45.31999999999971,4569.78,13.08,55.75999999999931,1.2352625819114516,2023-12-04,80.60999999999967,4549.34,12.97,35.31999999999971,0.7824511189582612,2023-12-06,80.60999999999967,4604.37,12.35,90.34999999999945,2.0015418629071084,2023-12-08,90.34999999999945
2023-11-24,4559.34,12.46,4594.63,12.63,35.289999999999964,0.7740155373365435,2023-12-01,35.289999999999964,4567.18,12.85,7.8400000000001455,0.17195471274351432,2023-12-05,35.289999999999964,4604.37,12.35,45.029999999999745,0.987642948321462,2023-12-08,45.029999999999745,4643.7,12.07,84.35999999999967,1.8502678019186913,2023-12-12,84.35999999999967,4719.55,12.48,160.21000000000004,3.5138857817140203,2023-12-14,160.21000000000004
2023-12-01,4594.63,12.63,4604.37,12.35,9.739999999999782,0.2119866017502994,2023-12-08,45.289999999999964,4643.7,12.07,49.06999999999971,1.0679858878734458,2023-12-12,49.06999999999971,4719.19,12.28,124.55999999999949,2.7109908741291355,2023-12-15,124.92000000000007,4768.37,12.53,173.73999999999978,3.7813708612010064,2023-12-19,173.73999999999978,4746.75,13.65,152.1199999999999,3.3108215460222015,2023-12-21,173.73999999999978
2023-12-08,4604.37,12.35,4719.19,12.28,114.81999999999971,2.493717924493464,2023-12-15,115.18000000000029,4768.37,12.53,164.0,3.561833649337477,2023-12-19,164.0,4754.63,13.03,150.26000000000022,3.2634214887161597,2023-12-22,164.0,4781.58,12.43,177.21000000000004,3.84873500609204,2023-12-27,177.21000000000004,4769.83,12.45,165.46000000000004,3.5935426562157264,2023-12-29,178.98000000000047
2023-12-15,4719.19,12.28,4754.63,13.03,35.44000000000051,0.7509763328028859,2023-12-22,49.18000000000029,4781.58,12.43,62.39000000000033,1.3220489109359939,2023-12-27,62.39000000000033,4742.83,13.2,23.640000000000327,0.5009334228967329,2024-01-02,64.16000000000076,4688.68,14.13,30.50999999999931,0.6465092526471558,2024-01-04,64.16000000000076,4763.54,13.08,44.350000000000364,0.9397799198591362,2024-01-08,64.16000000000076
2023-12-22,4754.63,13.03,4742.83,13.2,11.800000000000182,0.24817914327718835,2024-01-02,28.720000000000255,4688.68,14.13,65.94999999999982,1.3870690253500235,2024-01-04,65.94999999999982,4756.5,12.76,1.8699999999998909,0.03933008457019559,2024-01-09,65.94999999999982,4780.24,12.44,25.609999999999673,0.5386328694346284,2024-01-11,65.94999999999982,4765.98,13.84,11.349999999999454,0.23871468442338215,2024-01-16,65.94999999999982
2023-12-29,4769.83,12.45,4763.54,13.08,6.289999999999964,0.1318705278804478,2024-01-08,81.14999999999964,4783.45,12.69,13.61999999999989,0.2855447678428768,2024-01-10,81.14999999999964,4765.98,13.84,3.850000000000364,0.08071566491888314,2024-01-16,81.14999999999964,4780.94,14.13,11.109999999999673,0.23292234733731962,2024-01-18,81.14999999999964,4850.43,13.19,80.60000000000036,1.6897876863536092,2024-01-22,81.14999999999964
2024-01-05,4697.24,13.35,4783.83,12.7,86.59000000000015,1.8434229462407743,2024-01-12,86.59000000000015,4739.21,14.79,41.970000000000255,0.8935034190290523,2024-01-17,86.59000000000015,4850.43,13.19,153.1900000000005,3.261276834907318,2024-01-22,153.1900000000005,4868.55,13.14,171.3100000000004,3.6470352802922656,2024-01-24,171.3100000000004,4890.97,13.26,193.73000000000047,4.124336844615146,2024-01-26,196.92000000000007
2024-01-12,4783.83,12.7,4850.43,13.19,66.60000000000036,1.3921899398599107,2024-01-22,66.60000000000036,4868.55,13.14,84.72000000000025,1.7709659415154857,2024-01-24,84.72000000000025,4927.93,13.6,144.10000000000036,3.012230785792981,2024-01-29,144.10000000000036,4845.65,14.35,61.81999999999971,1.2922700012333155,2024-01-31,144.10000000000036,4958.61,13.85,174.77999999999975,3.653557923253956,2024-02-02,174.77999999999975
2024-01-19,4839.81,13.3,4890.97,13.26,51.159999999999854,1.0570662897923648,2024-01-26,54.349999999999454,4924.97,13.31,85.15999999999985,1.7595732063861982,2024-01-30,88.11999999999989,4958.61,13.85,118.79999999999927,2.454641814451379,2024-02-02,118.79999999999927,4954.23,13.06,114.41999999999916,2.3641423940195825,2024-02-06,118.79999999999927,4997.91,12.79,158.09999999999945,3.2666571621613127,2024-02-08,158.09999999999945
2024-01-26,4890.97,13.26,4958.61,13.85,67.63999999999942,1.3829567549995074,2024-02-02,67.63999999999942,4954.23,13.06,63.25999999999931,1.2934039669022568,2024-02-06,67.63999999999942,5026.61,12.93,135.63999999999942,2.7732740131303077,2024-02-09,135.63999999999942,4953.17,15.85,62.19999999999982,1.2717313743490517,2024-02-13,135.63999999999942,5029.73,14.01,138.7599999999993,2.8370650402680715,2024-02-15,138.7599999999993
2024-02-02,4958.61,13.85,5026.61,12.93,68.0,1.3713520522888472,2024-02-09,68.0,4953.17,15.85,5.4399999999996,0.1097081641830997,2024-02-13,68.0,5005.57,14.24,46.960000000000036,0.9470395937571223,2024-02-16,71.11999999999989,4981.8,15.34,23.19000000000051,0.467671383714398,2024-02-21,71.11999999999989,5088.8,13.75,130.1900000000005,2.62553417187479,2024-02-23,130.1900000000005
2024-02-09,5026.61,12.93,5005.57,14.24,21.039999999999964,0.41857235791119596,2024-02-16,73.4399999999996,4981.8,15.34,44.80999999999949,0.8914556729087694,2024-02-21,73.4399999999996,5069.53,13.74,42.92000000000007,0.8538557795412828,2024-02-26,73.4399999999996,5069.76,13.84,43.150000000000546,0.8584314279405116,2024-02-28,73.4399999999996,5137.08,13.11,110.47000000000025,2.1977038202685364,2024-03-01,110.47000000000025
2024-02-16,5005.57,14.24,5069.53,13.74,63.960000000000036,1.277776556915597,2024-02-26,83.23000000000047,5069.76,13.84,64.19000000000051,1.2823714382178357,2024-02-28,83.23000000000047,5130.95,13.49,125.38000000000011,2.5048096420587487,2024-03-04,131.51000000000022,5104.76,14.5,99.19000000000051,1.9815925059483839,2024-03-06,131.51000000000022,5123.69,14.74,118.11999999999989,2.3597712148666363,2024-03-08,151.78999999999996
2024-02-23,5088.8,13.75,5137.08,13.11,48.279999999999745,0.9487501965099777,2024-03-01,48.279999999999745,5078.65,14.46,10.150000000000546,0.19945763244773906,2024-03-05,48.279999999999745,5123.69,14.74,34.88999999999942,0.6856233296651355,2024-03-08,68.55999999999949,5175.27,13.84,86.47000000000025,1.6992218204684848,2024-03-12,86.47000000000025,5150.48,14.4,61.67999999999938,1.2120735733375134,2024-03-14,86.47000000000025
2024-03-01,5137.08,13.11,5123.69,14.74,13.390000000000327,0.26065391233931196,2024-03-08,58.43000000000029,5175.27,13.84,38.19000000000051,0.7434184400476634,2024-03-12,58.43000000000029,5117.09,14.41,19.98999999999978,0.3891315689068456,2024-03-15,58.43000000000029,5178.51,13.82,41.43000000000029,0.8064892896353627,2024-03-19,58.43000000000029,5241.53,12.92,104.44999999999982,2.033256246739389,2024-03-21,104.44999999999982
2024-03-08,5123.69,14.74,5117.09,14.41,6.599999999999454,0.1288134137701433,2024-03-15,51.58000000000084,5178.51,13.82,54.82000000000062,1.0699320216484727,2024-03-19,54.82000000000062,5234.18,13.06,110.49000000000069,2.156453649615818,2024-03-22,117.84000000000015,5203.58,13.24,79.89000000000033,1.559227822136006,2024-03-26,117.84000000000015,5254.35,13.01,130.66000000000076,2.5501152489709717,2024-03-28,130.66000000000076
2024-03-15,5117.09,14.41,5234.18,13.06,117.09000000000015,2.2882145907146474,2024-03-22,124.4399999999996,5203.58,13.24,86.48999999999978,1.690218464009814,2024-03-26,124.4399999999996,5243.77,13.65,126.68000000000029,2.4756257951296594,2024-04-01,137.26000000000022,5211.49,14.33,94.39999999999964,1.8447985085273004,2024-04-03,137.26000000000022,5204.34,16.03,87.25,1.7050706553920294,2024-04-05,137.26000000000022
2024-03-22,5234.18,13.06,5243.77,13.65,9.590000000000146,0.18321876588119143,2024-04-01,30.600000000000364,5211.49,14.33,22.69000000000051,0.4334967463862632,2024-04-03,30.600000000000364,5202.39,15.19,31.789999999999964,0.6073539694851908,2024-04-08,86.97000000000025,5160.64,15.8,73.53999999999996,1.4049956249116378,2024-04-10,86.97000000000025,5123.41,17.31,110.77000000000044,2.1162818244691706,2024-04-12,110.77000000000044
2024-04-05,5204.34,16.03,5123.41,17.31,80.93000000000029,1.5550482866223247,2024-04-12,80.93000000000029,5051.41,18.4,152.9300000000003,2.9385090136309366,2024-04-16,152.9300000000003,4967.23,18.71,237.11000000000058,4.556005180291844,2024-04-19,237.11000000000058,5070.55,15.69,133.78999999999996,2.5707390370344743,2024-04-23,237.11000000000058,5048.42,15.37,155.92000000000007,2.995961063266429,2024-04-25,237.11000000000058
2024-04-12,5123.41,17.31,4967.23,18.71,156.1800000000003,3.048360369363379,2024-04-19,156.1800000000003,5070.55,15.69,52.85999999999967,1.0317347235532521,2024-04-23,156.1800000000003,5099.96,15.03,23.449999999999818,0.4577029751669263,2024-04-26,156.1800000000003,5035.69,15.65,87.72000000000025,1.7121409373835055,2024-04-30,156.1800000000003,5064.2,14.68,59.210000000000036,1.1556756144833233,2024-05-02,156.1800000000003
2024-04-19,4967.23,18.71,5099.96,15.03,132.73000000000047,2.672113028790704,2024-04-26,132.73000000000047,5035.69,15.65,68.46000000000004,1.3782329386801102,2024-04-30,148.9400000000005,5127.79,13.49,160.5600000000004,3.232385051628381,2024-05-03,160.5600000000004,5187.7,13.23,220.47000000000025,4.438489862559218,2024-05-07,220.47000000000025,5214.08,12.69,246.85000000000036,4.969570565486205,2024-05-09,246.85000000000036
2024-04-26,5099.96,15.03,5127.79,13.49,27.829999999999927,0.5456905544357196,2024-05-03,81.56999999999971,5187.7,13.23,87.73999999999978,1.72040565024039,2024-05-07,87.73999999999978,5222.68,12.55,122.72000000000025,2.4062933826932023,2024-05-10,122.72000000000025,5246.68,13.42,146.72000000000025,2.8768853089043884,2024-05-14,146.72000000000025,5297.1,12.42,197.14000000000033,3.86552051388639,2024-05-16,208.1899999999996
2024-05-03,5127.79,13.49,5222.68,12.55,94.89000000000033,1.8505047983634342,2024-05-10,94.89000000000033,5246.68,13.42,118.89000000000033,2.318542686030441,2024-05-14,118.89000000000033,5303.27,11.99,175.48000000000047,3.4221370219919396,2024-05-17,180.35999999999967,5321.41,11.86,193.6199999999999,3.7758956587535737,2024-05-21,193.6199999999999,5267.84,12.77,140.05000000000018,2.7311960903235155,2024-05-23,193.6199999999999
2024-05-10,5222.68,12.55,5303.27,11.99,80.59000000000015,1.5430775004403896,2024-05-17,85.46999999999935,5321.41,11.86,98.72999999999956,1.8904087556580063,2024-05-21,98.72999999999956,5304.72,11.93,82.03999999999996,1.5708410241485207,2024-05-24,98.72999999999956,5266.95,14.28,44.26999999999953,0.8476490996959324,2024-05-29,98.72999999999956,5277.51,12.92,54.82999999999993,1.0498441413220785,2024-05-31,98.72999999999956
2024-05-17,5303.27,11.99,5304.72,11.93,1.449999999999818,0.027341621301570883,2024-05-24,35.43000000000029,5266.95,14.28,36.32000000000062,0.6848604728780661,2024-05-29,36.32000000000062,5283.4,13.11,19.8700000000008,0.3746744932843472,2024-06-03,67.79000000000087,5354.03,12.63,50.75999999999931,0.957145308460616,2024-06-05,67.79000000000087,5346.99,12.22,43.719999999999345,0.8243970229688351,2024-06-07,67.79000000000087
2024-05-24,5304.72,11.93,5283.4,13.11,21.32000000000062,0.4019062269073696,2024-06-03,69.24000000000069,5354.03,12.63,49.30999999999949,0.9295495332458544,2024-06-05,69.24000000000069,5360.79,12.74,56.06999999999971,1.0569832149481917,2024-06-10,69.24000000000069,5421.03,12.04,116.30999999999949,2.192575668461285,2024-06-12,116.30999999999949,5431.6,12.66,126.88000000000011,2.391832179643791,2024-06-14,129.01999999999953
2024-05-31,5277.51,12.92,5346.99,12.22,69.47999999999956,1.3165299544671552,2024-06-07,76.51999999999953,5375.32,12.85,97.80999999999949,1.853336137686134,2024-06-11,97.80999999999949,5431.6,12.66,154.09000000000015,2.9197481388003084,2024-06-14,156.22999999999956,5487.03,12.3,209.51999999999953,3.9700540595849083,2024-06-18,209.51999999999953,5464.62,13.2,187.10999999999967,3.5454219887787928,2024-06-21,209.51999999999953
2024-06-07,5346.99,12.22,5431.6,12.66,84.61000000000058,1.582385603863119,2024-06-14,86.75,5487.03,12.3,140.03999999999996,2.6190436114524243,2024-06-18,140.03999999999996,5447.87,13.33,100.88000000000011,1.8866689483241994,2024-06-24,140.03999999999996,5477.9,12.55,130.90999999999985,2.4482933388691555,2024-06-26,140.03999999999996,5460.48,12.44,113.48999999999978,2.122502566864718,2024-06-28,140.03999999999996
2024-06-14,5431.6,12.66,5447.87,13.33,16.269999999999527,0.29954341262242296,2024-06-24,55.42999999999938,5477.9,12.55,46.29999999999927,0.8524191766698445,2024-06-26,55.42999999999938,5475.09,12.22,43.48999999999978,0.8006848810663485,2024-07-01,55.42999999999938,5537.02,12.09,105.42000000000007,1.9408645702923646,2024-07-03,105.42000000000007,5572.85,12.37,141.25,2.600522866190441,2024-07-08,141.25
2024-06-21,5464.62,13.2,5460.48,12.44,4.140000000000327,0.07576007114859454,2024-06-28,18.25,5509.01,12.03,44.39000000000033,0.8123163184265388,2024-07-02,44.39000000000033,5572.85,12.37,108.23000000000047,1.9805585749786896,2024-07-08,108.23000000000047,5633.91,12.85,169.28999999999996,3.0979281267498924,2024-07-10,169.28999999999996,5615.35,12.46,150.73000000000047,2.7582887739678235,2024-07-12,169.28999999999996
2024-06-28,5460.48,12.44,5572.85,12.37,112.3700000000008,2.0578776957337235,2024-07-08,112.3700000000008,5633.91,12.85,173.4300000000003,3.176094409282706,2024-07-10,173.4300000000003,5631.22,13.12,170.7400000000007,3.126831340834518,2024-07-15,173.4300000000003,5588.27,14.48,127.79000000000087,2.340270452414456,2024-07-17,206.72000000000025,5505.0,16.52,44.52000000000044,0.8153129395218084,2024-07-19,206.72000000000025
2024-07-05,5567.19,12.48,5615.35,12.46,48.160000000000764,0.8650683738115776,2024-07-12,66.72000000000025,5667.2,13.19,100.01000000000022,1.7964179415468167,2024-07-16,100.01000000000022,5505.0,16.52,62.1899999999996,1.117080609786977,2024-07-19,100.01000000000022,5555.74,14.72,11.449999999999818,0.20566928737836895,2024-07-23,100.01000000000022,5399.22,18.46,167.96999999999935,3.017141502265943,2024-07-25,167.96999999999935
2024-07-12,5615.35,12.46,5505.0,16.52,110.35000000000036,1.9651491002341859,2024-07-19,110.35000000000036,5555.74,14.72,59.61000000000058,1.0615544890345319,2024-07-23,110.35000000000036,5459.1,16.39,156.25,2.7825513992894475,2024-07-26,216.1300000000001,5436.44,17.69,178.91000000000076,3.186088133420014,2024-07-30,216.1300000000001,5446.68,18.59,168.67000000000007,3.003730844916168,2024-08-01,216.1300000000001
2024-07-19,5505.0,16.52,5459.1,16.39,45.899999999999636,0.8337874659400479,2024-07-26,105.77999999999975,5436.44,17.69,68.5600000000004,1.2454132606721235,2024-07-30,105.77999999999975,5346.56,23.39,158.4399999999996,2.8781108083560327,2024-08-02,158.4399999999996,5240.03,27.71,264.97000000000025,4.813260672116263,2024-08-06,318.6700000000001,5319.31,23.79,185.6899999999996,3.3731153496821,2024-08-08,318.6700000000001
2024-07-26,5459.1,16.39,5346.56,23.39,112.53999999999996,2.061511970837683,2024-08-02,112.53999999999996,5240.03,27.71,219.07000000000062,4.012932534666898,2024-08-06,272.77000000000044,5344.16,20.37,114.94000000000051,2.1054752614899983,2024-08-09,272.77000000000044,5434.43,18.12,24.670000000000073,0.45190599183015645,2024-08-13,272.77000000000044,5543.22,15.23,84.11999999999989,1.5409133373632997,2024-08-15,272.77000000000044
2024-08-16,5554.25,14.8,5634.61,15.86,80.35999999999967,1.4468200027006288,2024-08-23,80.35999999999967,5625.8,15.43,71.55000000000018,1.2882027276409989,2024-08-27,80.35999999999967,5648.4,15.0,94.14999999999964,1.6950983481117998,2024-08-30,94.14999999999964,5520.07,21.32,34.18000000000029,0.6153846153846206,2024-09-04,94.14999999999964,5408.42,22.38,145.82999999999993,2.6255570058963844,2024-09-06,145.82999999999993
2024-08-23,5634.61,15.86,5648.4,15.0,13.789999999999964,0.24473743524396477,2024-08-30,42.649999999999636,5520.07,21.32,114.53999999999996,2.032793751475257,2024-09-04,114.53999999999996,5471.05,19.45,163.5599999999995,2.9027741050400917,2024-09-09,226.1899999999996,5554.13,17.69,80.47999999999956,1.4283153581170582,2024-09-11,226.1899999999996,5626.02,16.56,8.589999999999236,0.1524506576320142,2024-09-13,226.1899999999996
2024-08-30,5648.4,15.0,5471.05,19.45,177.34999999999945,3.1398272077048275,2024-09-09,239.97999999999956,5554.13,17.69,94.26999999999953,1.6689682033850213,2024-09-11,239.97999999999956,5633.09,17.14,15.30999999999949,0.2710502089087085,2024-09-16,239.97999999999956,5618.26,18.23,30.139999999999418,0.5336024360880854,2024-09-18,239.97999999999956,5702.55,16.15,54.150000000000546,0.9586785638410974,2024-09-20,239.97999999999956
2024-09-13,5626.02,16.56,5702.55,16.15,76.52999999999975,1.3602866680175283,2024-09-20,87.61999999999989,5732.93,15.39,106.90999999999985,1.9002776385437636,2024-09-24,106.90999999999985,5738.17,16.96,112.14999999999964,1.9934163049544726,2024-09-27,119.34999999999945,5708.75,19.26,82.72999999999956,1.4704889069004297,2024-10-01,136.45999999999913,5699.94,20.49,73.91999999999916,1.3138950803587466,2024-10-03,136.45999999999913
2024-09-20,5702.55,16.15,5738.17,16.96,35.61999999999989,0.6246328396945207,2024-09-27,42.81999999999971,5708.75,19.26,6.199999999999818,0.10872329045777449,2024-10-01,59.92999999999938,5751.07,19.21,48.51999999999953,0.8508474279050517,2024-10-04,59.92999999999938,5751.13,21.42,48.57999999999993,0.8518995887804566,2024-10-08,59.92999999999938,5780.05,20.93,77.5,1.3590411307222208,2024-10-10,89.48999999999978
2024-09-27,5738.17,16.96,5751.07,19.21,12.899999999999636,0.22481034894399496,2024-10-04,38.23000000000047,5751.13,21.42,12.960000000000036,0.22585597847397404,2024-10-08,42.23000000000047,5815.03,20.46,76.85999999999967,1.3394514278942533,2024-10-11,76.85999999999967,5815.26,20.64,77.09000000000015,1.3434596744258211,2024-10-15,121.68000000000029,5841.47,19.11,103.30000000000018,1.8002255074353004,2024-10-17,121.68000000000029
2024-10-18,5864.67,18.03,5808.12,20.33,56.55000000000018,0.9642486278000328,2024-10-25,67.25,5832.92,19.34,31.75,0.541377434706471,2024-10-29,67.25,5728.8,21.88,135.8699999999999,2.316754395387974,2024-11-01,159.22000000000025,5782.76,20.49,81.90999999999985,1.396668525253763,2024-11-05,159.22000000000025,5973.1,15.2,108.43000000000029,1.8488678817393016,2024-11-07,159.22000000000025
2024-11-08,5995.54,14.94,5870.62,16.14,124.92000000000007,2.0835487712532994,2024-11-15,124.92000000000007,5916.98,16.35,78.5600000000004,1.310307328447486,2024-11-19,124.92000000000007,5969.34,15.24,26.199999999999818,0.43699149701277645,2024-11-22,124.92000000000007,6021.63,14.1,26.090000000000146,0.4351567998879191,2024-11-26,124.92000000000007,6032.38,13.51,36.840000000000146,0.6144567461813305,2024-11-29,124.92000000000007
2024-11-15,5870.62,16.14,5969.34,15.24,98.72000000000025,1.6815941076070373,2024-11-22,98.72000000000025,6021.63,14.1,151.01000000000022,2.5723007109981606,2024-11-26,151.01000000000022,6047.15,13.34,176.52999999999975,3.0070077777134228,2024-12-02,176.52999999999975,6086.49,13.45,215.8699999999999,3.6771243923129053,2024-12-04,215.8699999999999,6090.27,12.77,219.65000000000055,3.7415128214737208,2024-12-06,219.65000000000055
2024-11-22,5969.34,15.24,6047.15,13.34,77.80999999999949,1.3034941886372613,2024-12-02,77.80999999999949,6086.49,13.45,117.14999999999964,1.9625285207409804,2024-12-04,117.14999999999964,6052.85,14.19,83.51000000000022,1.398982132028,2024-12-09,120.93000000000029,6084.19,13.58,114.84999999999945,1.9239982979692805,2024-12-11,120.93000000000029,6051.09,13.81,81.75,1.369498135472263,2024-12-13,120.93000000000029
2024-11-29,6032.38,13.51,6090.27,12.77,57.89000000000033,0.9596543984298125,2024-12-06,57.89000000000033,6034.91,14.18,2.5299999999997453,0.04194032869281686,2024-12-10,57.89000000000033,6051.09,13.81,18.710000000000036,0.31015950586667346,2024-12-13,57.89000000000033,6050.61,15.87,18.229999999999563,0.30220244745854147,2024-12-17,57.89000000000033,5867.08,24.09,165.30000000000018,2.740211989297759,2024-12-19,165.30000000000018
2024-12-06,6090.27,12.77,6051.09,13.81,39.18000000000029,0.6433212320636078,2024-12-13,55.36000000000058,6050.61,15.87,39.660000000000764,0.6512026560398925,2024-12-17,55.36000000000058,5930.85,18.36,159.42000000000007,2.617617938120971,2024-12-20,223.1900000000005,6040.04,14.27,50.23000000000047,0.8247581798508189,2024-12-24,223.1900000000005,5970.84,15.95,119.43000000000029,1.960996803097404,2024-12-27,223.1900000000005
2024-12-13,6051.09,13.81,5930.85,18.36,120.23999999999978,1.9870800136834816,2024-12-20,184.01000000000022,6040.04,14.27,11.050000000000182,0.1826117278044151,2024-12-24,184.01000000000022,5906.94,17.4,144.15000000000055,2.382215435566163,2024-12-30,184.01000000000022,5868.55,17.93,182.53999999999996,3.0166465876395816,2025-01-02,184.01000000000022,5975.38,16.04,75.71000000000004,1.2511795395540313,2025-01-06,184.01000000000022
2024-12-20,5930.85,18.36,5906.94,17.4,23.910000000000764,0.4031462606540507,2024-12-30,109.1899999999996,5868.55,17.93,62.30000000000018,1.0504396503030793,2025-01-02,109.1899999999996,5909.03,17.82,21.82000000000062,0.3679067924496593,2025-01-07,109.1899999999996,5827.04,19.54,103.8100000000004,1.7503393274151327,2025-01-10,109.1899999999996,5842.91,18.71,87.94000000000051,1.4827554229157796,2025-01-14,109.1899999999996
2024-12-27,5970.84,15.95,5975.38,16.04,4.539999999999964,0.07603620261135725,2025-01-06,102.28999999999996,5918.25,17.7,52.590000000000146,0.880780593685313,2025-01-08,102.28999999999996,5842.91,18.71,127.93000000000029,2.1425796035398754,2025-01-14,143.80000000000018,5937.34,16.6,33.5,0.5610600853481252,2025-01-16,143.80000000000018,6049.24,15.06,78.39999999999964,1.313048080337099,2025-01-21,143.80000000000018
2025-01-03,5942.47,16.13,5836.22,19.19,106.25,1.7879770533128478,2025-01-13,115.43000000000029,5949.91,16.12,7.4399999999996,0.12520046378020588,2025-01-15,115.43000000000029,6049.24,15.06,106.76999999999953,1.7967276233619947,2025-01-21,115.43000000000029,6118.71,15.02,176.23999999999978,2.965770125890409,2025-01-23,176.23999999999978,6012.28,17.9,69.80999999999949,1.1747640290990025,2025-01-27,176.23999999999978
2025-01-17,5996.66,15.97,6012.28,17.9,15.61999999999989,0.26047833293866735,2025-01-27,122.05000000000018,6039.31,16.56,42.650000000000546,0.7112292509497045,2025-01-29,122.05000000000018,5994.57,18.62,2.0900000000001455,0.034852734688979294,2025-02-03,122.05000000000018,6061.48,15.77,64.81999999999971,1.0809350538466365,2025-02-05,122.05000000000018,6025.99,16.54,29.329999999999927,0.4891056021185114,2025-02-07,122.05000000000018
2025-01-24,6101.24,14.85,6040.53,16.43,60.710000000000036,0.9950436304751172,2025-01-31,88.96000000000004,6037.88,17.21,63.35999999999967,1.0384774242612924,2025-02-04,106.67000000000007,6025.99,16.54,75.25,1.2333558424189182,2025-02-07,106.67000000000007,6068.5,16.02,32.73999999999978,0.5366122296451178,2025-02-11,106.67000000000007,6115.07,15.1,13.829999999999927,0.2266752332312764,2025-02-13,106.67000000000007
2025-01-31,6040.53,16.43,6025.99,16.54,14.539999999999964,0.24070735514929922,2025-02-07,45.960000000000036,6068.5,16.02,27.970000000000255,0.4630388393071511,2025-02-11,45.960000000000036,6114.63,14.77,74.10000000000036,1.226713549969959,2025-02-14,74.53999999999996,6144.15,15.27,103.61999999999989,1.7154123893102078,2025-02-19,103.61999999999989,6013.13,18.21,27.399999999999636,0.45360258123044894,2025-02-21,103.61999999999989
2025-02-07,6025.99,16.54,6114.63,14.77,88.64000000000033,1.4709616179250269,2025-02-14,89.07999999999993,6144.15,15.27,118.15999999999985,1.9608396296708068,2025-02-19,118.15999999999985,5983.25,18.98,42.73999999999978,0.7092610508812625,2025-02-24,118.15999999999985,5956.06,19.1,69.92999999999938,1.1604732168490055,2025-02-26,118.15999999999985,5954.5,19.63,71.48999999999978,1.1863610792583423,2025-02-28,164.42000000000007
2025-02-14,6114.63,14.77,5983.25,18.98,131.3800000000001,2.1486173325287075,2025-02-24,131.3800000000001,5956.06,19.1,158.5699999999997,2.5932885554808665,2025-02-26,159.3800000000001,5849.72,22.78,264.90999999999985,4.3323962365670505,2025-03-03,264.90999999999985,5842.63,21.93,272.0,4.448347651452337,2025-03-05,336.4800000000005,5770.2,23.37,344.4300000000003,5.632883755844594,2025-03-07,376.1099999999997
2025-02-21,6013.13,18.21,5954.5,19.63,58.63000000000011,0.9750329695183725,2025-02-28,151.5600000000004,5778.15,23.51,234.98000000000047,3.907781804151922,2025-03-04,234.98000000000047,5770.2,23.37,242.9300000000003,4.039992483116119,2025-03-07,274.6099999999997,5572.07,26.92,441.0600000000004,7.334948687289322,2025-03-11,441.0600000000004,5521.52,24.66,491.6099999999997,8.175609042212619,2025-03-13,491.6099999999997
2025-05-16,5958.38,17.24,5802.82,22.29,155.5600000000004,2.610776754755494,2025-05-23,155.5600000000004,5888.55,19.31,69.82999999999993,1.1719628489623006,2025-05-28,155.5600000000004,5935.94,18.36,22.44000000000051,0.37661243492359514,2025-06-02,155.5600000000004,5970.81,17.61,12.430000000000291,0.20861375071748178,2025-06-04,155.5600000000004,6000.36,16.77,41.97999999999956,0.7045539223748664,2025-06-06,155.5600000000004
2025-05-30,5911.69,18.57,6000.36,16.77,88.67000000000007,1.4999095013439485,2025-06-06,88.67000000000007,6038.81,16.95,127.1200000000008,2.1503157303579994,2025-06-10,127.1200000000008,5976.97,20.82,65.28000000000065,1.1042527602090209,2025-06-13,133.57000000000062,5982.72,21.6,71.03000000000065,1.2015176709198327,2025-06-17,133.57000000000062,5967.84,20.62,56.150000000000546,0.9498129976368949,2025-06-20,133.57000000000062
2025-06-06,6000.36,16.77,5976.97,20.82,23.389999999999418,0.3898099447366395,2025-06-13,44.900000000000546,5982.72,21.6,17.639999999999418,0.2939823610583268,2025-06-17,44.900000000000546,6025.17,19.83,24.8100000000004,0.41347519148851736,2025-06-23,44.900000000000546,6092.16,16.76,91.80000000000018,1.5299082055076727,2025-06-25,91.82000000000062,6173.07,16.32,172.71000000000004,2.878327300361979,2025-06-27,172.71000000000004
2025-06-27,6173.07,16.32,6229.98,17.79,56.909999999999854,0.9219075759711108,2025-07-07,106.28000000000065,6263.26,15.94,90.19000000000051,1.4610234453845576,2025-07-09,106.28000000000065,6268.56,17.2,95.49000000000069,1.5468802394918686,2025-07-14,107.39000000000033,6263.7,17.16,90.63000000000011,1.4681511792349693,2025-07-16,107.39000000000033,6296.79,16.41,123.72000000000025,2.004189163576636,2025-07-18,124.28999999999996
2025-07-11,6259.75,16.4,6296.79,16.41,37.039999999999964,0.5917169216022998,2025-07-18,37.60999999999967,6309.62,16.5,49.86999999999989,0.7966771835935922,2025-07-22,49.86999999999989,6388.64,14.93,128.89000000000033,2.0590279164503427,2025-07-25,128.89000000000033,6370.86,15.98,111.10999999999967,1.7749910140181262,2025-07-29,130.02000000000044,6339.39,16.72,79.64000000000033,1.2722552817604589,2025-07-31,130.02000000000044
2025-07-18,6296.79,16.41,6388.64,14.93,91.85000000000036,1.4586797399945108,2025-07-25,91.85000000000036,6370.86,15.98,74.06999999999971,1.1763136455241434,2025-07-29,92.98000000000047,6238.01,20.38,58.779999999999745,0.9334915091657773,2025-08-01,92.98000000000047,6299.19,17.85,2.399999999999636,0.03811465842118979,2025-08-05,92.98000000000047,6340.0,16.57,43.210000000000036,0.6862226626582757,2025-08-07,92.98000000000047
2025-07-25,6388.64,14.93,6238.01,20.38,150.6300000000001,2.3577788073831063,2025-08-01,150.6300000000001,6299.19,17.85,89.45000000000073,1.4001415011645784,2025-08-05,150.6300000000001,6389.45,15.15,0.8099999999994907,0.012678754789743837,2025-08-08,150.6300000000001,6445.76,14.73,57.11999999999989,0.8940870044328666,2025-08-12,150.6300000000001,6468.54,14.83,79.89999999999964,1.2506574169150184,2025-08-14,150.6300000000001
2025-08-08,6389.45,15.15,6449.8,15.09,60.350000000000364,0.9445257416522607,2025-08-15,79.09000000000015,6411.37,15.57,21.920000000000073,0.34306552207154095,2025-08-19,79.09000000000015,6466.91,14.22,77.46000000000004,1.2123109187801773,2025-08-22,79.09000000000015,6465.94,14.62,76.48999999999978,1.1971296433965333,2025-08-26,79.09000000000015,6501.86,14.43,112.40999999999985,1.7593063565721596,2025-08-28,112.40999999999985
2025-08-15,6449.8,15.09,6466.91,14.22,17.109999999999673,0.26527954355173294,2025-08-22,79.63000000000011,6465.94,14.62,16.139999999999418,0.2502403175292167,2025-08-26,79.63000000000011,6460.26,15.36,10.460000000000036,0.16217557133554583,2025-08-29,79.63000000000011,6448.26,16.35,1.5399999999999636,0.023876709355328284,2025-09-03,79.63000000000011,6481.5,15.18,31.699999999999818,0.4914881081583897,2025-09-05,79.63000000000011
2025-08-22,6466.91,14.22,6460.26,15.36,6.649999999999636,0.10283118212561543,2025-08-29,34.94999999999982,6448.26,16.35,18.649999999999636,0.28839121002147294,2025-09-03,51.36999999999989,6495.15,15.11,28.23999999999978,0.4366845989815814,2025-09-08,51.36999999999989,6532.04,15.35,65.13000000000011,1.0071270514047685,2025-09-10,65.13000000000011,6584.29,14.76,117.38000000000011,1.8150863395346482,2025-09-12,120.5600000000004
2025-08-29,6460.26,15.36,6495.15,15.11,34.88999999999942,0.5400711426475006,2025-09-08,44.720000000000255,6532.04,15.35,71.77999999999975,1.1111007916090023,2025-09-10,71.77999999999975,6615.28,15.69,155.01999999999953,2.399593824397153,2025-09-15,155.01999999999953,6600.35,15.72,140.09000000000015,2.168488574763247,2025-09-17,155.01999999999953,6664.36,15.45,204.09999999999945,3.1593155693424015,2025-09-19,204.09999999999945
2025-09-05,6481.5,15.18,6584.29,14.76,102.78999999999996,1.5858983260047823,2025-09-12,105.97000000000025,6606.76,16.36,125.26000000000022,1.9325773354933307,2025-09-16,133.77999999999975,6664.36,15.45,182.85999999999967,2.82126051068425,2025-09-19,182.85999999999967,6656.92,16.64,175.42000000000007,2.706472267222095,2025-09-23,212.25,6604.72,16.74,123.22000000000025,1.901103139705319,2025-09-25,212.25
2025-09-12,6584.29,14.76,6664.36,15.45,80.06999999999971,1.216076448637586,2025-09-19,80.06999999999971,6656.92,16.64,72.63000000000011,1.1030802106225595,2025-09-23,109.46000000000004,6643.7,15.29,59.409999999999854,0.9022992608162741,2025-09-26,109.46000000000004,6688.46,16.28,104.17000000000007,1.5820992088744583,2025-09-30,109.46000000000004,6715.35,16.63,131.0600000000004,1.9904955583669675,2025-10-02,131.0600000000004
2025-09-19,6664.36,15.45,6643.7,15.29,20.659999999999854,0.3100072625128273,2025-09-26,59.63999999999942,6688.46,16.28,24.100000000000364,0.3616251222923186,2025-09-30,59.63999999999942,6715.79,16.65,51.43000000000029,0.7717170140868784,2025-10-03,59.63999999999942,6714.59,17.24,50.23000000000047,0.7537107839312474,2025-10-07,75.92000000000007,6735.11,16.43,70.75,1.061617319592579,2025-10-09,89.36000000000058
2025-09-26,6643.7,15.29,6715.79,16.65,72.09000000000015,1.0850881286030396,2025-10-03,72.09000000000015,6714.59,17.24,70.89000000000033,1.067025904240112,2025-10-07,96.57999999999993,6552.51,21.66,91.1899999999996,1.3725785330463387,2025-10-10,110.02000000000044,6644.31,20.81,0.6100000000005821,0.009181630717831662,2025-10-14,110.02000000000044,6629.07,25.31,14.63000000000011,0.22020861869139352,2025-10-16,110.02000000000044
2025-10-03,6715.79,16.65,6552.51,21.66,163.27999999999975,2.431285075918094,2025-10-10,163.27999999999975,6644.31,20.81,71.47999999999956,1.0643572833575732,2025-10-14,163.27999999999975,6664.01,20.78,51.779999999999745,0.7710187483527589,2025-10-17,163.27999999999975,6735.35,17.87,19.5600000000004,0.29125389566976334,2025-10-21,163.27999999999975,6738.44,17.3,22.649999999999636,0.3372648638507106,2025-10-23,163.27999999999975
2025-10-24,6791.69,16.37,6840.2,17.44,48.51000000000022,0.7142552148287131,2025-10-31,99.20000000000073,6771.55,19.0,20.139999999999418,0.29653885851679657,2025-11-04,99.20000000000073,6728.8,19.08,62.88999999999942,0.9259845487647319,2025-11-07,99.20000000000073,6846.61,17.28,54.92000000000007,0.8086352586764131,2025-11-11,99.20000000000073,6737.49,20.0,54.19999999999982,0.7980340681038124,2025-11-13,99.20000000000073
2025-10-31,6840.2,17.44,6728.8,19.08,111.39999999999964,1.6286073506622563,2025-11-07,119.88000000000011,6846.61,17.28,6.4099999999998545,0.09371071021314954,2025-11-11,119.88000000000011,6734.11,19.83,106.09000000000015,1.550978041577734,2025-11-14,119.88000000000011,6617.32,24.69,222.8800000000001,3.2583842577702424,2025-11-18,222.8800000000001,6538.76,26.42,301.4399999999996,4.4068886874652735,2025-11-20,301.4399999999996
2025-11-28,6849.09,16.35,6870.4,15.41,21.30999999999949,0.31113622393631113,2025-12-05,36.460000000000036,6840.51,16.93,8.579999999999927,0.1252721164417452,2025-12-09,36.460000000000036,6827.41,15.74,21.68000000000029,0.31653840145187595,2025-12-12,51.909999999999854,6800.26,16.48,48.82999999999993,0.7129414272552985,2025-12-16,51.909999999999854,6774.76,16.87,74.32999999999993,1.0852536614353137,2025-12-18,127.65999999999985
2025-12-05,6870.4,15.41,6827.41,15.74,42.98999999999978,0.6257277596646452,2025-12-12,42.98999999999978,6800.26,16.48,70.13999999999942,1.0209012575686922,2025-12-16,70.13999999999942,6834.5,14.91,35.899999999999636,0.5225314392175076,2025-12-19,148.96999999999935,6909.79,14.0,39.39000000000033,0.5733290638099722,2025-12-23,148.96999999999935,6929.94,13.6,59.539999999999964,0.8666162086632505,2025-12-26,148.96999999999935
2025-12-12,6827.41,15.74,6834.5,14.91,7.0900000000001455,0.10384611441234884,2025-12-19,105.97999999999956,6909.79,14.0,82.38000000000011,1.2066068977840807,2025-12-23,105.97999999999956,6905.74,14.2,78.32999999999993,1.1472871850379562,2025-12-29,105.97999999999956,6845.5,14.95,18.090000000000146,0.2649613835993465,2025-12-31,105.97999999999956,6902.05,14.9,74.64000000000033,1.093240335647051,2026-01-05,105.97999999999956
2025-12-19,6834.5,14.91,6905.74,14.2,71.23999999999978,1.0423586216987313,2025-12-29,97.55000000000018,6845.5,14.95,11.0,0.1609481308069354,2025-12-31,97.55000000000018,6944.82,14.75,110.31999999999971,1.6141634355110062,2026-01-06,110.31999999999971,6921.46,15.45,86.96000000000004,1.2723681322701008,2026-01-08,110.31999999999971,6977.27,15.12,142.77000000000044,2.088960421391476,2026-01-12,142.77000000000044
2025-12-26,6929.94,13.6,6902.05,14.9,27.889999999999418,0.4024565869257081,2026-01-05,84.4399999999996,6920.93,15.38,9.009999999999309,0.1300155556902269,2026-01-07,84.4399999999996,6977.27,15.12,47.33000000000084,0.6829784962063286,2026-01-12,84.4399999999996,6926.6,16.75,3.339999999999236,0.048196665483384214,2026-01-14,84.4399999999996,6940.01,15.86,10.070000000000618,0.14531150341850896,2026-01-16,84.4399999999996
2026-01-02,6858.47,14.51,6966.28,14.49,107.80999999999949,1.5719249336951169,2026-01-09,107.80999999999949,6963.74,15.98,105.26999999999953,1.5348904347471013,2026-01-13,118.80000000000018,6940.01,15.86,81.53999999999996,1.1888948992996975,2026-01-16,118.80000000000018,6875.62,16.9,17.149999999999636,0.2500557704560877,2026-01-21,118.80000000000018,6915.61,16.09,57.13999999999942,0.8331304212163851,2026-01-23,118.80000000000018
2026-01-09,6966.28,14.49,6940.01,15.86,26.269999999999527,0.37710226979104383,2026-01-16,39.67999999999938,6875.62,16.9,90.65999999999985,1.3014119443949979,2026-01-21,169.42000000000007,6950.23,16.15,16.050000000000182,0.23039556262453106,2026-01-26,169.42000000000007,6978.03,16.35,11.75,0.16866964865035572,2026-01-28,169.42000000000007,6939.03,17.44,27.25,0.39117003623167607,2026-01-30,169.42000000000007
2026-01-16,6940.01,15.86,6950.23,16.15,10.219999999999345,0.14726203564547233,2026-01-26,143.15000000000055,6978.03,16.35,38.01999999999953,0.5478378273230086,2026-01-28,143.15000000000055,6976.44,16.34,36.42999999999938,0.5249271975112338,2026-02-02,143.15000000000055,6882.72,18.64,57.289999999999964,0.8255031332807873,2026-02-04,143.15000000000055,6932.3,17.76,7.710000000000036,0.11109494078538842,2026-02-06,143.15000000000055
2026-01-23,6915.61,16.09,6939.03,17.44,23.420000000000073,0.33865414619968554,2026-01-30,62.99000000000069,6917.81,18.0,2.2000000000007276,0.03181208888298686,2026-02-03,62.99000000000069,6932.3,17.76,16.69000000000051,0.24133807429858695,2026-02-06,117.21000000000004,6941.81,17.79,26.200000000000728,0.37885305851545603,2026-02-10,117.21000000000004,6832.76,20.82,82.84999999999945,1.1980143472520783,2026-02-12,117.21000000000004
2026-01-30,6939.03,17.44,6932.3,17.76,6.729999999999563,0.09698761930701501,2026-02-06,140.6300000000001,6941.81,17.79,2.780000000000655,0.04006323650424706,2026-02-10,140.6300000000001,6836.17,20.6,102.85999999999967,1.4823397506567875,2026-02-13,140.6300000000001,6881.31,19.62,57.719999999999345,0.8318165507282624,2026-02-18,140.6300000000001,6909.51,19.09,29.519999999999527,0.4254196912248474,2026-02-20,140.6300000000001
2026-02-06,6932.3,17.76,6836.17,20.6,96.13000000000011,1.3866970558112042,2026-02-13,99.53999999999996,6881.31,19.62,50.98999999999978,0.7355423164029222,2026-02-18,99.53999999999996,6837.75,21.01,94.55000000000018,1.3639051974092318,2026-02-23,99.53999999999996,6946.13,17.93,13.829999999999927,0.19950088715144942,2026-02-25,99.53999999999996,6878.88,19.86,53.42000000000007,0.770595617616088,2026-02-27,99.53999999999996
2026-04-17,7126.06,17.48,7165.08,18.71,39.01999999999953,0.5475676601095069,2026-04-24,62.05000000000018,7138.8,17.83,12.739999999999782,0.178780420035753,2026-04-28,62.05000000000018,7230.12,16.99,104.05999999999949,1.4602739802920475,2026-05-01,104.05999999999949,7259.22,17.38,133.15999999999985,1.8686342803737248,2026-05-05,133.15999999999985,7337.11,17.08,211.04999999999927,2.9616646505923225,2026-05-07,239.0599999999995
2026-04-24,7165.08,18.71,7230.12,16.99,65.03999999999996,0.9077358522165833,2026-05-01,65.03999999999996,7259.22,17.38,94.14000000000033,1.3138722805607241,2026-05-05,94.14000000000033,7398.93,17.19,233.85000000000036,3.2637458339613845,2026-05-08,233.85000000000036,7400.96,17.99,235.8800000000001,3.292077687897415,2026-05-12,247.76000000000022,7501.24,17.26,336.15999999999985,4.691643359180914,2026-05-14,336.15999999999985
2026-05-01,7230.12,16.99,7398.93,17.19,168.8100000000004,2.334816019651132,2026-05-08,168.8100000000004,7400.96,17.99,170.84000000000015,2.3628930086914206,2026-05-12,182.72000000000025,7408.5,18.43,178.3800000000001,2.4671789679839353,2026-05-15,271.1199999999999,,,,,,271.1199999999999,,,,,,271.1199999999999
2026-05-08,7398.93,17.19,7408.5,18.43,9.569999999999709,0.12934302662681912,2026-05-15,102.30999999999949,,,,,,102.30999999999949,,,,,,102.30999999999949,,,,,,102.30999999999949,,,,,,102.30999999999949
2026-05-15,7408.5,18.43,,,,,,,,,,,,,,,,,,,,,,,,,,,,,,
